City_ID,City,Country,Lat,Lng,Max Temp,Humidity,Cloudiness,Wind Speed,Current Description
0,Mataura,NZ,-46.1927,168.8643,61.0,78,100,10.0,overcast clouds
1,Dingle,PH,10.9995,122.6711,80.74,71,6,14.47,clear sky
2,Busselton,AU,-33.65,115.3333,79.0,57,100,3.0,overcast clouds
3,Hofn,IS,64.2539,-15.2082,38.37,84,100,27.6,light rain
4,Melville,US,40.7934,-73.4151,53.6,32,1,6.91,clear sky
5,Tasiilaq,GL,65.6145,-37.6368,13.59,95,100,3.18,overcast clouds
6,Butaritari,KI,3.0707,172.7902,81.25,75,100,8.86,light rain
7,Cidreira,BR,-30.1811,-50.2056,69.58,76,0,3.69,clear sky
8,Atuona,PF,-9.8,-139.0333,79.52,75,34,16.75,scattered clouds
9,Myitkyina,MM,25.3833,97.4,64.78,60,0,3.22,clear sky
10,Amahai,ID,-3.3333,128.9167,86.2,59,16,0.89,few clouds
11,Merauke,ID,-8.4667,140.3333,78.6,87,98,6.11,overcast clouds
12,Kavieng,PG,-2.5744,150.7967,84.56,69,85,12.53,overcast clouds
13,Bethel,US,41.3712,-73.414,48.2,40,1,3.44,clear sky
14,Punta Arenas,CL,-53.15,-70.9167,51.8,71,40,6.91,scattered clouds
15,Shache,CN,38.4167,77.2406,44.76,53,100,6.44,overcast clouds
16,Port Elizabeth,ZA,-33.918,25.5701,64.4,72,0,5.75,clear sky
17,Komsomolskiy,UZ,40.4272,71.7189,46.4,66,100,6.91,moderate rain
18,Torbay,CA,47.6666,-52.7314,26.01,74,20,12.66,few clouds
19,Avarua,CK,-21.2078,-159.775,80.6,83,75,4.61,light rain
20,Chumikan,RU,54.7183,135.315,16.48,91,34,16.2,scattered clouds
21,Guerrero Negro,MX,27.9769,-114.0611,59.88,67,98,22.7,overcast clouds
22,Georgetown,MY,5.4112,100.3354,80.6,83,20,2.3,few clouds
23,Kununurra,AU,-15.7667,128.7333,86.0,79,40,2.3,scattered clouds
24,Clyde River,CA,70.4692,-68.5914,-2.2,78,75,16.11,snow
25,Victoria,HK,22.2855,114.1577,69.01,83,61,1.01,broken clouds
26,Thompson,CA,55.7435,-97.8558,21.2,42,40,3.44,scattered clouds
27,Touros,BR,-5.1989,-35.4608,79.72,77,0,12.26,clear sky
28,Lebu,CL,-37.6167,-73.65,59.22,87,100,2.57,overcast clouds
29,Ushuaia,AR,-54.8,-68.3,57.2,62,40,8.05,scattered clouds
30,Bluff,NZ,-46.6,168.3333,61.0,78,75,10.0,broken clouds
31,Kahului,US,20.8947,-156.47,73.4,88,90,3.44,moderate rain
32,Nikolskoye,RU,59.7035,30.7861,-0.99,71,0,6.71,clear sky
33,Hilo,US,19.7297,-155.09,71.6,83,90,3.44,moderate rain
34,Coihaique,CL,-45.5752,-72.0662,57.2,94,90,9.22,light rain
35,Rikitea,PF,-23.1203,-134.9692,80.74,81,15,15.48,few clouds
36,Puerto Ayora,EC,-0.7393,-90.3518,81.0,88,100,1.99,overcast clouds
37,Emet,TR,39.343,29.2585,38.57,75,73,3.38,broken clouds
38,Koumac,NC,-20.5667,164.2833,82.08,63,4,5.66,clear sky
39,Saint-Philippe,RE,-21.3585,55.7679,75.2,64,0,9.22,clear sky
40,Krapina,HR,46.1608,15.8789,37.99,74,62,2.42,broken clouds
41,Garissa,KE,-0.4536,39.6401,75.04,78,100,10.27,overcast clouds
42,Atar,MR,20.5169,-13.0499,62.64,39,98,11.43,overcast clouds
43,Fort Nelson,CA,58.8053,-122.7002,23.0,28,20,12.66,snow
44,Port Alfred,ZA,-33.5906,26.891,70.79,69,0,9.19,clear sky
45,Sao Joao Da Barra,BR,-21.6403,-41.0511,75.61,87,100,3.98,overcast clouds
46,Chuy,UY,-33.6971,-53.4616,65.82,89,7,7.92,clear sky
47,Yerbogachen,RU,61.2767,108.0108,5.85,91,100,15.05,overcast clouds
48,Hermanus,ZA,-34.4187,19.2345,63.0,96,89,10.0,light rain
49,Kodiak,US,57.79,-152.4072,39.2,87,90,11.5,light rain
50,Leningradskiy,RU,69.3833,178.4167,-10.52,85,100,6.06,overcast clouds
51,Ribeira Grande,PT,38.5167,-28.7,60.96,89,99,16.13,overcast clouds
52,Puerto Ayacucho,VE,5.6639,-67.6236,81.7,64,100,3.06,overcast clouds
53,Albany,US,42.6001,-73.9662,42.8,61,1,13.8,clear sky
54,Kawalu,ID,-7.3817,108.2082,76.08,81,100,3.24,overcast clouds
55,Taree,AU,-31.9,152.4667,75.2,73,90,12.66,overcast clouds
56,Jamestown,US,42.097,-79.2353,44.6,53,1,4.0,clear sky
57,La Primavera,CO,5.4906,-70.4092,83.28,56,100,3.65,overcast clouds
58,Hovd,MN,48.0056,91.6419,24.89,60,0,5.68,clear sky
59,Turukhansk,RU,65.8167,87.9833,-27.02,86,100,4.97,overcast clouds
60,Yulara,AU,-25.2406,130.9889,84.2,32,40,10.36,scattered clouds
61,Hithadhoo,MV,-0.6,73.0833,83.62,64,91,5.59,overcast clouds
62,Diego De Almagro,CL,-26.3667,-70.05,59.74,73,0,1.88,clear sky
63,Chokurdakh,RU,70.6333,147.9167,-11.02,89,75,11.21,broken clouds
64,Hobart,AU,-42.8794,147.3294,66.99,45,20,8.05,few clouds
65,Coro,VE,11.4045,-69.6734,75.79,78,87,14.14,overcast clouds
66,Cape Town,ZA,-33.9258,18.4232,70.0,88,90,17.27,moderate rain
67,Bathsheba,BB,13.2167,-59.5167,77.0,69,40,19.57,scattered clouds
68,Solnechnyy,RU,50.7214,136.6319,25.66,88,0,1.59,clear sky
69,Srednekolymsk,RU,67.45,153.6833,-5.51,84,44,7.52,scattered clouds
70,Khatanga,RU,71.9667,102.5,-23.48,85,100,13.58,overcast clouds
71,Yumen,CN,40.2833,97.2,37.49,67,17,7.16,few clouds
72,Carnarvon,AU,-24.8667,113.6333,80.6,74,0,3.44,clear sky
73,Arraial Do Cabo,BR,-22.9661,-42.0278,76.48,85,100,10.92,overcast clouds
74,Yellowknife,CA,62.456,-114.3525,-0.4,60,20,6.91,few clouds
75,Treinta Y Tres,UY,-33.2333,-54.3833,61.39,94,0,6.15,clear sky
76,Cabo San Lucas,MX,22.8909,-109.9124,82.4,38,75,3.44,broken clouds
77,Huangpu,CN,25.4433,113.1747,58.86,79,98,1.66,overcast clouds
78,Port Hardy,CA,50.6996,-127.4199,50.0,57,40,3.44,scattered clouds
79,Yeppoon,AU,-23.1333,150.7333,89.6,45,15,4.61,few clouds
80,Senanga,ZM,-16.1167,23.2667,65.16,81,0,3.24,clear sky
81,Sitka,US,57.0531,-135.33,41.0,45,20,9.22,few clouds
82,Kapaa,US,22.0752,-159.319,75.2,83,90,25.32,light rain
83,Saint-Pierre,RE,-21.3393,55.4781,75.2,64,0,9.22,clear sky
84,Santa Maria Da Boa Vista,BR,-8.8078,-39.8256,83.61,41,96,2.59,overcast clouds
85,Road Town,VG,18.4167,-64.6167,77.0,83,20,12.66,few clouds
86,Kokstad,ZA,-30.5472,29.4241,59.92,39,47,5.1,scattered clouds
87,Tilichiki,RU,60.4667,166.1,-7.64,88,100,4.41,overcast clouds
88,Xuddur,SO,4.1213,43.8894,68.34,89,0,14.94,clear sky
89,Hasaki,JP,35.7333,140.8333,59.0,58,0,10.36,clear sky
90,Provideniya,RU,64.3833,-173.3,-7.6,77,0,13.42,clear sky
91,Castro,BR,-24.7911,-50.0119,55.98,95,5,3.18,clear sky
92,Upernavik,GL,72.7868,-56.1549,10.45,84,100,2.46,overcast clouds
93,Pisco,PE,-13.7,-76.2167,75.2,78,0,4.61,clear sky
94,Lorengau,PG,-2.0226,147.2712,85.12,69,95,10.87,overcast clouds
95,Itarema,BR,-2.9248,-39.9167,79.18,83,91,10.33,overcast clouds
96,Acari,PE,-15.4311,-74.6158,75.07,67,32,3.24,scattered clouds
97,Buala,SB,-8.145,159.5921,83.7,74,19,0.89,light rain
98,Aklavik,CA,68.2191,-135.0107,8.6,66,75,12.66,broken clouds
99,Esperance,AU,-33.8667,121.9,68.0,64,98,19.57,overcast clouds
100,Sohag,EG,26.557,31.6948,60.8,31,0,4.61,clear sky
101,Taoudenni,ML,22.6783,-3.9836,66.15,27,0,12.39,clear sky
102,Newport,GB,51.5877,-2.9984,46.99,79,100,21.21,light rain
103,Bredasdorp,ZA,-34.5322,20.0403,71.6,56,55,13.8,light rain
104,Coxim,BR,-18.5067,-54.76,75.07,77,0,3.04,clear sky
105,Porto Novo,BJ,6.4965,2.6036,81.93,79,100,9.26,overcast clouds
106,Arieseni,RO,46.4833,22.7667,25.75,92,100,2.21,overcast clouds
107,Nizhneangarsk,RU,55.7833,109.55,9.18,87,0,2.91,clear sky
108,Kilindoni,TZ,-7.9139,39.6668,80.46,78,34,11.54,scattered clouds
109,Fremont,US,37.5483,-121.9886,55.99,44,90,9.84,overcast clouds
110,Bintulu,MY,3.1667,113.0333,75.2,94,20,5.7,few clouds
111,Colares,PT,38.7992,-9.4469,52.0,82,27,14.0,scattered clouds
112,Anadyr,RU,64.75,177.4833,-18.4,63,0,2.24,clear sky
113,Ponta Do Sol,PT,32.6667,-17.1,55.99,80,0,4.0,clear sky
114,Haines Junction,CA,60.7522,-137.5108,21.2,33,2,2.3,clear sky
115,Asfi,MA,32.2994,-9.2372,52.97,73,4,14.27,clear sky
116,Yazman,PK,29.1212,71.7446,69.21,24,0,7.36,clear sky
117,Shimoda,JP,34.6667,138.95,59.0,63,40,12.66,scattered clouds
118,Sao Filipe,CV,14.8961,-24.4956,69.49,78,2,9.73,clear sky
119,Vaini,TO,-21.2,-175.2,82.4,54,20,12.66,few clouds
120,Policoro,IT,40.2115,16.6726,51.01,92,100,4.14,light rain
121,Saint George,US,37.1041,-113.5841,60.8,12,1,21.85,light rain
122,Madang,PG,-5.2246,145.7966,83.52,72,8,3.87,clear sky
123,Santa Ana,US,33.7456,-117.8678,62.01,51,20,11.5,few clouds
124,Qaanaaq,GL,77.484,-69.3632,4.06,82,60,3.69,broken clouds
125,Maniitsoq,GL,65.4167,-52.9,18.0,96,100,16.24,light snow
126,Alexandria,EG,31.2156,29.9553,60.8,67,0,2.3,clear sky
127,Vilyuysk,RU,63.7553,121.6247,10.22,92,100,16.53,overcast clouds
128,Yar-Sale,RU,66.8333,70.8333,-23.39,86,88,7.09,overcast clouds
129,Palkonda,IN,18.6,83.75,67.87,84,0,2.19,clear sky
130,Hanzhong,CN,33.0728,107.0303,50.4,76,100,1.61,light rain
131,Taicheng,CN,38.731,113.228,44.56,60,100,2.64,overcast clouds
132,Katsuura,JP,35.1333,140.3,60.8,36,0,20.71,clear sky
133,Berlevag,NO,70.8578,29.0864,15.53,90,56,18.48,broken clouds
134,Najran,SA,17.4924,44.1277,64.4,25,0,4.61,clear sky
135,Cardoso,BR,-20.0819,-49.9142,71.69,85,79,3.42,broken clouds
136,Barguzin,RU,53.6167,109.6167,18.09,91,51,7.36,broken clouds
137,Adrar,MR,20.5022,-10.0711,60.87,38,100,11.79,overcast clouds
138,Airai,TL,-8.9266,125.4092,69.58,83,71,0.98,broken clouds
139,Longyearbyen,SJ,78.2186,15.6401,19.4,93,20,2.3,few clouds
140,Balabac,PH,7.9868,117.0645,82.47,74,100,17.11,light rain
141,Bardiyah,LY,31.7561,25.0865,65.01,47,0,8.3,clear sky
142,Geraldton,AU,-28.7667,114.6,78.8,73,75,11.5,broken clouds
143,Constitucion,CL,-35.3333,-72.4167,57.67,77,100,6.82,overcast clouds
144,Waipawa,NZ,-41.4122,175.5153,66.2,77,75,27.63,moderate rain
145,Dikson,RU,73.5069,80.5464,-23.53,88,100,6.02,overcast clouds
146,Terney,RU,45.0503,136.6092,30.16,86,0,12.55,clear sky
147,Harper,LR,4.375,-7.7169,79.48,87,39,6.82,scattered clouds
148,Vanimo,PG,-2.6741,141.3028,83.23,72,95,5.35,overcast clouds
149,Lagoa,PT,39.05,-27.9833,59.74,89,100,22.86,overcast clouds
150,Ferme-Neuve,CA,46.7001,-75.4493,30.2,64,87,1.25,overcast clouds
151,Narsaq,GL,60.9167,-46.05,24.8,63,75,4.61,broken clouds
152,Beni,CD,0.5,29.4667,63.82,86,0,4.36,clear sky
153,Coracora,PE,-15.0333,-73.7833,50.27,84,98,4.5,overcast clouds
154,Ambon,ID,-3.6954,128.1814,87.8,62,20,9.22,few clouds
155,Bengkulu,ID,-3.8004,102.2655,78.87,76,69,3.44,broken clouds
156,Sorong,ID,-0.8833,131.25,82.29,75,23,2.39,few clouds
157,Chipinge,ZW,-20.1883,32.6236,59.61,91,0,3.27,clear sky
158,Zherdevka,RU,51.8486,41.4606,0.1,93,27,8.55,scattered clouds
159,Zhangjiakou,CN,40.81,114.8794,45.07,57,38,4.32,scattered clouds
160,Saskylakh,RU,71.9167,114.0833,-25.6,83,99,10.45,overcast clouds
161,Pangnirtung,CA,66.1451,-65.7125,-1.01,88,100,3.36,overcast clouds
162,Jega,NG,12.2175,4.3792,82.85,14,100,6.64,overcast clouds
163,Avera,US,33.194,-82.5271,57.99,44,1,4.61,clear sky
164,Nome,US,64.5011,-165.4064,21.2,79,75,13.8,broken clouds
165,Mahebourg,MU,-20.4081,57.7,75.2,94,20,1.14,few clouds
166,Dezful,IR,32.3811,48.4058,58.33,42,0,3.27,clear sky
167,Luderitz,NA,-26.6481,15.1594,62.91,73,0,7.05,clear sky
168,Baturaja,ID,-4.1333,104.1667,76.08,90,82,3.22,broken clouds
169,Sioux Lookout,CA,50.1001,-91.917,51.8,50,90,9.22,overcast clouds
170,Codrington,AU,-38.2667,141.9667,65.7,59,20,9.84,few clouds
171,Iturama,BR,-19.7281,-50.1956,72.16,84,100,3.91,overcast clouds
172,Kuznechikha,RU,57.2161,42.3348,-8.64,90,89,7.74,overcast clouds
173,Baloda,IN,22.15,82.4833,67.42,29,0,2.68,clear sky
174,Dickinson,US,29.4608,-95.0513,66.99,82,100,13.38,overcast clouds
175,East London,ZA,-33.0153,27.9116,70.74,69,0,5.19,clear sky
176,Palmer,US,42.1584,-72.3287,39.2,60,1,9.22,clear sky
177,College,US,64.8569,-147.8028,30.0,59,90,2.3,overcast clouds
178,New Norfolk,AU,-42.7826,147.0587,66.99,35,0,5.01,clear sky
179,Lucea,JM,18.451,-78.1736,77.0,69,20,8.05,few clouds
180,Weihe,CN,32.9952,105.3247,44.51,81,100,1.48,moderate rain
181,Waterloo,CA,43.4668,-80.5164,39.0,75,40,2.3,scattered clouds
182,Meulaboh,ID,4.1363,96.1285,74.37,81,2,6.4,clear sky
183,Kavaratti,IN,10.5669,72.642,82.74,71,86,7.11,overcast clouds
184,Bubaque,GW,11.2833,-15.8333,78.57,67,0,9.28,clear sky
185,Bandarbeyla,SO,9.4942,50.8122,76.17,76,19,8.3,few clouds
186,Homer,US,59.6425,-151.5483,39.2,81,90,4.61,overcast clouds
187,Mehamn,NO,71.0357,27.8492,13.68,88,67,11.56,broken clouds
188,Emerald,AU,-23.5333,148.1667,91.0,48,0,5.75,clear sky
189,Taksimo,RU,56.3444,114.8794,13.84,86,16,2.1,few clouds
190,Binzhou,CN,37.3667,118.0167,53.01,66,0,4.03,clear sky
191,Ayan,RU,56.45,138.1667,17.22,88,0,2.75,clear sky
192,Severo-Kurilsk,RU,50.6789,156.125,31.35,94,100,13.31,overcast clouds
193,Suluq,LY,31.6682,20.2521,59.14,79,45,11.65,scattered clouds
194,Fortuna,US,40.5982,-124.1573,46.99,93,90,12.66,overcast clouds
195,Luganville,VU,-15.5333,167.1667,81.16,82,76,12.3,broken clouds
196,Caucaia,BR,-3.7361,-38.6531,82.99,78,20,9.22,few clouds
197,Flinders,AU,-34.5833,150.8552,75.0,72,79,4.0,broken clouds
198,Sur,OM,22.5667,59.5289,75.47,43,0,4.36,clear sky
199,Nyrob,RU,60.733,56.7202,-25.47,85,1,5.17,clear sky
200,Iqaluit,CA,63.7506,-68.5145,10.4,72,90,5.75,light snow
201,Cedar City,US,37.6775,-113.0619,44.6,21,75,20.71,broken clouds
202,Nanortalik,GL,60.1432,-45.2371,23.56,95,55,4.34,broken clouds
203,Dunmore,US,41.4198,-75.6324,50.0,43,1,5.75,clear sky
204,Saint-Leu,RE,-21.15,55.2833,75.2,64,0,9.22,clear sky
205,Volchansk,RU,59.9378,60.081,-6.07,92,100,5.28,overcast clouds
206,Svetlogorsk,BY,52.6333,29.7333,14.99,93,12,2.57,few clouds
207,Acapulco,MX,16.8634,-99.8901,82.4,78,75,10.36,broken clouds
208,Yurga,RU,55.7231,84.8861,5.36,93,90,9.48,overcast clouds
209,Rabo De Peixe,PT,37.8,-25.5833,59.0,94,75,5.75,broken clouds
210,Asau,RO,46.4333,26.4,33.01,53,100,2.26,overcast clouds
211,Vila Velha,BR,-20.3297,-40.2925,73.0,97,100,5.03,heavy intensity rain
212,San Cristobal,VE,7.7669,-72.225,78.8,69,75,4.61,broken clouds
213,Yining,CN,29.0361,114.5636,53.53,78,100,2.53,light rain
214,Saldanha,ZA,-33.0117,17.9442,64.4,88,100,18.41,light rain
215,Boralday,KZ,43.3578,76.8594,35.6,87,75,4.47,mist
216,Chernyakhovsk,RU,54.6335,21.8156,25.07,89,0,6.62,clear sky
217,Flin Flon,CA,54.7682,-101.865,24.8,42,20,5.75,few clouds
218,Sucua,EC,-2.4667,-78.1667,68.38,81,100,2.28,light rain
219,Yazoo City,US,32.8551,-90.4056,64.99,55,1,8.25,clear sky
220,Lata,PT,40.1629,-8.3327,51.01,84,74,1.52,broken clouds
221,Iralaya,HN,15.0,-83.2333,77.0,94,75,11.5,broken clouds
222,Lulea,SE,65.5842,22.1547,-4.0,84,16,1.14,few clouds
223,Kenai,US,60.5544,-151.2583,33.8,86,90,9.22,light snow
224,Shirvan,AZ,39.9509,48.8994,40.17,87,0,5.35,clear sky
225,Vardo,NO,70.3705,31.1107,10.4,67,0,14.97,clear sky
226,Tarusa,RU,54.7233,37.1767,-7.6,77,0,4.47,clear sky
227,Kafanchan,NG,9.5833,8.3,71.85,34,0,1.83,clear sky
228,Thunder Bay,CA,48.4001,-89.3168,42.01,70,90,10.36,overcast clouds
229,Antananarivo,MG,-18.9137,47.5361,64.4,88,40,3.44,scattered clouds
230,Ostrovnoy,RU,68.0531,39.5131,19.13,92,100,12.84,overcast clouds
231,Carbondale,US,37.7273,-89.2168,62.6,41,1,11.5,clear sky
232,Yenagoa,NG,4.9247,6.2642,78.01,90,99,4.5,overcast clouds
233,Husavik,IS,66.0449,-17.3389,32.0,74,90,18.41,snow
234,Lima,PE,-12.0432,-77.0282,75.99,78,0,5.75,clear sky
235,Pirovskoye,RU,57.6267,92.2658,14.49,93,100,11.36,overcast clouds
236,Maragogi,BR,-9.0122,-35.2225,79.05,84,18,9.55,few clouds
237,River Falls,US,44.8614,-92.6238,57.0,67,1,12.24,clear sky
238,Noumea,NC,-22.2763,166.4572,86.0,54,0,9.22,clear sky
239,La Rioja,ES,42.25,-2.5,37.0,86,0,4.61,clear sky
240,Salalah,OM,17.0151,54.0924,71.6,53,0,2.3,clear sky
241,Stephenville,US,32.2207,-98.2023,68.0,60,90,12.66,overcast clouds
242,Lodhran,PK,29.5405,71.6336,66.07,27,0,5.5,clear sky
243,Lasa,IT,46.6166,10.7002,33.01,68,0,5.75,clear sky
244,Gamboula,CF,4.1178,15.1393,69.3,82,2,1.59,clear sky
245,Oriximina,BR,-1.7656,-55.8661,73.13,96,100,3.04,overcast clouds
246,Mar Del Plata,AR,-38.0023,-57.5575,66.99,82,20,5.75,few clouds
247,Tapiramuta,BR,-11.8472,-40.7914,68.18,63,16,2.95,few clouds
248,Khilok,RU,51.3674,110.4676,24.12,91,4,7.81,clear sky
249,Kobyzhcha,UA,50.8285,31.5044,15.8,79,0,2.24,clear sky
250,Makrana,IN,27.05,74.7167,67.98,33,0,7.74,clear sky
251,Alta Floresta,BR,-9.8756,-56.0861,71.87,83,97,0.94,overcast clouds
252,Yazykovo,RU,55.2199,56.1353,9.88,96,100,8.61,overcast clouds
253,Ardakan,IR,32.31,54.0175,57.2,23,0,2.3,clear sky
254,Baruun-Urt,MN,46.6806,113.2792,29.8,90,76,8.61,broken clouds
255,Kutum,SD,14.2,24.6667,60.94,26,0,5.5,clear sky
256,Hamilton,US,39.1834,-84.5333,57.2,35,1,8.05,clear sky
257,Kosino,RU,58.4127,51.2782,-10.35,88,86,9.64,overcast clouds
258,Bambous Virieux,MU,-20.3428,57.7575,75.99,94,20,1.14,few clouds
259,Barrow,US,71.2906,-156.7887,15.8,53,1,21.85,snow
260,Sangar,RU,63.9242,127.4739,0.03,92,100,18.05,light snow
261,San Angelo,US,31.4638,-100.437,68.0,61,100,8.99,overcast clouds
262,Kalevala,RU,65.2,31.1667,-1.61,91,4,5.48,clear sky
263,Laylay,PH,13.4391,121.8202,82.0,72,0,10.0,clear sky
264,Shangqiu,CN,34.45,115.65,55.99,74,0,6.4,clear sky
265,Cayenne,GF,4.9333,-52.3333,80.01,83,20,4.61,few clouds
266,Richards Bay,ZA,-28.783,32.0377,80.87,64,90,12.68,overcast clouds
267,Klaksvik,FO,62.2266,-6.589,44.6,81,75,24.16,broken clouds
268,Opuwo,NA,-18.0607,13.84,63.28,38,95,1.83,overcast clouds
269,Ahuimanu,US,21.4447,-157.8378,77.0,83,90,14.97,light rain
270,Ekhabi,RU,53.5102,142.9671,14.05,95,7,8.28,clear sky
271,Namibe,AO,-15.1961,12.1522,75.61,75,95,4.92,overcast clouds
272,Bria,CF,6.5423,21.9863,76.98,36,29,0.56,scattered clouds
273,Kirakira,SB,-10.4544,161.9205,86.38,66,91,4.83,overcast clouds
274,Kristiansund,NO,63.1115,7.732,33.8,75,56,6.91,broken clouds
275,Lompoc,US,34.6391,-120.4579,55.4,62,1,9.22,clear sky
276,Caravelas,BR,-17.7125,-39.2481,76.82,86,100,3.89,moderate rain
277,Nioro,GM,13.35,-15.75,77.36,18,0,10.09,clear sky
278,Bangkal,PH,6.0667,121.0667,84.11,65,73,1.9,broken clouds
279,Belmonte,BR,-15.8631,-38.8828,77.0,73,0,6.91,clear sky
280,Veraval,IN,20.9,70.3667,71.94,75,0,11.3,clear sky
281,Tuatapere,NZ,-46.1333,167.6833,61.0,78,57,10.0,broken clouds
282,Sambava,MG,-14.2667,50.1667,75.29,90,100,5.77,overcast clouds
283,Hambantota,LK,6.1241,81.1185,73.4,100,20,2.3,few clouds
284,Naze,JP,28.3667,129.4833,66.2,63,75,16.11,broken clouds
285,Norman Wells,CA,65.282,-126.8329,6.8,56,1,12.66,clear sky
286,Rio Cuarto,AR,-33.1307,-64.3499,73.4,68,0,13.8,clear sky
287,Cotonou,BJ,6.3654,2.4183,82.6,80,86,14.7,overcast clouds
288,Faanui,PF,-16.4833,-151.75,82.42,74,81,14.54,broken clouds
289,Grand-Santi,GF,4.25,-54.3833,72.54,96,100,2.75,overcast clouds
290,Seymchan,RU,62.8833,152.4333,-11.47,78,9,5.55,clear sky
291,Mlimba,TZ,-8.8,35.8167,69.93,88,100,2.1,overcast clouds
292,Aleppo,SY,36.25,37.5,48.81,83,0,6.2,clear sky
293,Sena Madureira,BR,-9.0656,-68.6569,69.28,97,100,3.76,light rain
294,Blagoyevo,RU,63.3667,47.9167,-10.39,90,97,3.74,overcast clouds
295,Miranda,CO,3.2499,-76.2281,75.2,69,75,14.97,broken clouds
296,Lano,NG,10.1725,11.4715,74.79,18,0,2.39,clear sky
297,Chapada Dos Guimaraes,BR,-15.4606,-55.7497,78.8,78,0,2.3,clear sky
298,Awjilah,LY,29.1081,21.2869,60.08,80,0,9.73,clear sky
299,Bonthe,SL,7.5264,-12.505,78.93,86,0,6.53,clear sky
300,Upington,ZA,-28.4478,21.2561,66.2,30,0,6.91,clear sky
301,Tateyama,JP,34.9833,139.8667,61.0,63,40,12.66,scattered clouds
302,Tupancireta,BR,-29.0806,-53.8358,63.27,74,17,8.21,few clouds
303,Budogoshch,RU,59.2816,32.4707,-10.75,88,0,4.36,clear sky
304,Mtambile,TZ,-5.3833,39.7,78.39,83,8,9.48,clear sky
305,Mandera,KE,3.9366,41.867,75.7,70,0,16.46,clear sky
306,Varenikovskaya,RU,45.1209,37.6417,24.8,86,22,6.71,few clouds
307,Pozo Colorado,PY,-23.4923,-58.7972,77.43,42,0,6.29,clear sky
308,Pevek,RU,69.7008,170.3133,-13.7,87,100,10.85,overcast clouds
309,Fairmont,US,39.4851,-80.1426,57.2,26,1,2.64,clear sky
310,Awbari,LY,26.5921,12.7805,66.02,25,97,6.4,overcast clouds
311,Pimentel,PE,-6.8367,-79.9342,77.0,73,75,9.22,broken clouds
312,Oistins,BB,13.0667,-59.5333,77.0,65,40,20.71,scattered clouds
313,Viedma,AR,-40.8135,-62.9967,72.39,37,97,20.8,overcast clouds
314,Pochutla,MX,15.7432,-96.4661,84.2,65,40,5.23,scattered clouds
315,Ngunguru,NZ,-35.6167,174.5,73.99,65,100,5.99,overcast clouds
316,Sawakin,SD,19.1059,37.3321,75.54,81,63,10.83,broken clouds
317,Xinyang,CN,32.1228,114.0656,49.28,84,39,3.31,scattered clouds
318,Holme,DK,56.1138,10.1725,28.99,86,0,1.14,clear sky
319,Hobbs,US,32.7026,-103.136,70.0,42,1,17.27,clear sky
320,Tuktoyaktuk,CA,69.4541,-133.0374,-2.2,71,75,17.27,broken clouds
321,Mount Gambier,AU,-37.8333,140.7667,62.6,67,75,12.66,broken clouds
322,Halifax,CA,44.6453,-63.5724,33.8,93,100,8.05,overcast clouds
323,Evensk,RU,61.95,159.2333,-10.8,83,100,3.78,overcast clouds
324,Changji,CN,44.0167,87.3167,28.4,93,90,4.47,light intensity drizzle
325,Cap Malheureux,MU,-19.9842,57.6142,75.99,82,8,3.0,clear sky
326,Mount Isa,AU,-20.7333,139.5,91.4,33,0,5.75,clear sky
327,Poum,NC,-20.2333,164.0167,79.7,72,0,5.88,clear sky
328,Krasyliv,UA,49.6519,26.9725,21.87,95,99,6.31,overcast clouds
329,Sola,VU,-13.8833,167.55,82.4,89,90,5.75,moderate rain
330,Gizo,SB,-8.103,156.8419,83.43,71,15,1.86,moderate rain
331,La Asuncion,VE,11.0333,-63.8628,74.01,85,93,9.71,overcast clouds
332,Coquimbo,CL,-29.9533,-71.3436,64.4,82,40,9.22,scattered clouds
333,Zhigansk,RU,66.7697,123.3711,6.82,94,100,22.5,light snow
334,Fairbanks,US,64.8378,-147.7164,28.99,63,90,2.28,overcast clouds
335,Cabedelo,BR,-6.9811,-34.8339,79.47,78,0,10.07,clear sky
336,Lavrentiya,RU,65.5833,-171.0,-5.08,83,25,11.39,scattered clouds
337,Grenaa,DK,56.4158,10.8783,27.0,86,0,1.14,clear sky
338,Povenets,RU,62.8487,34.8262,-7.29,87,0,5.7,clear sky
339,Nereju,RO,45.7167,26.7167,12.99,92,100,3.69,overcast clouds
340,Seoul,KR,37.5683,126.9778,44.6,76,0,2.3,mist
341,Soe,ID,-9.8607,124.284,76.55,76,100,0.89,overcast clouds
342,Marawi,PH,7.9986,124.2928,81.0,81,27,4.0,scattered clouds
343,Saryozek,KZ,44.3583,77.9753,37.67,73,100,5.91,overcast clouds
344,San Vicente,AR,-26.6167,-54.1333,64.33,88,5,3.47,clear sky
345,Ust-Maya,RU,60.4167,134.5333,9.68,94,100,8.55,overcast clouds
346,Necochea,AR,-38.5473,-58.7368,60.01,74,0,5.01,clear sky
347,Moron,AR,-34.6534,-58.6198,72.0,72,0,4.0,clear sky
348,Tiksi,RU,71.6872,128.8694,-9.76,89,100,4.43,overcast clouds
349,Muncar,ID,-8.4333,114.3333,81.81,70,2,1.25,clear sky
350,Collie,AU,-33.3667,116.15,75.0,58,100,3.0,overcast clouds
351,Pathein,MM,16.7833,94.7333,75.27,76,59,7.11,broken clouds
352,Junction City,US,39.0286,-96.8314,70.0,49,1,9.22,clear sky
353,Northam,GB,51.0333,-4.2167,46.0,89,100,14.0,overcast clouds
354,Laela,TZ,-8.5667,32.05,57.38,93,67,2.86,broken clouds
355,Abu Samrah,SY,35.3029,37.1841,50.45,73,0,6.49,clear sky
356,Rawson,AR,-43.3002,-65.1023,83.32,26,94,30.31,overcast clouds
357,Manadhoo,MV,5.7667,73.3833,83.5,72,100,7.87,overcast clouds
358,Sao Jose Da Coroa Grande,BR,-8.8978,-35.1478,79.02,84,19,9.55,few clouds
359,Iraquara,BR,-12.2486,-41.6194,68.81,85,93,2.21,overcast clouds
360,Nha Trang,VN,12.25,109.1833,75.2,88,20,4.61,few clouds
361,Jalu,LY,29.0331,21.5482,60.31,77,0,10.67,clear sky
362,Isangel,VU,-19.55,169.2667,78.8,78,90,8.05,overcast clouds
363,Seymour,US,38.9592,-85.8903,57.0,41,0,8.43,clear sky
364,Victor Harbor,AU,-35.5667,138.6167,70.0,64,96,8.34,overcast clouds
365,Buluang,PH,13.3068,123.3425,81.41,64,100,6.4,overcast clouds
366,Usinsk,RU,65.9939,57.5281,-13.09,90,100,7.9,overcast clouds
367,Portland,US,45.5234,-122.6762,53.6,43,75,2.55,broken clouds
368,Cermik,TR,38.1361,39.4493,32.0,93,0,6.91,clear sky
369,Pag,HR,44.445,15.0575,39.2,65,0,3.44,clear sky
370,Port-Cartier,CA,50.0334,-66.8654,25.0,86,20,5.75,few clouds
371,Anuradhapura,LK,8.3565,80.4173,72.0,96,97,4.56,overcast clouds
372,Emba,KZ,48.8264,58.1442,21.54,97,100,15.61,light snow
373,Ancud,CL,-41.8697,-73.8203,62.01,100,90,24.16,moderate rain
374,Ketchikan,US,55.3422,-131.6461,42.8,75,20,6.91,few clouds
375,Kaitangata,NZ,-46.2817,169.8464,61.0,83,100,8.01,overcast clouds
376,Kapit,MY,2.0167,112.9333,74.8,91,100,1.45,overcast clouds
377,Tranas,SE,58.0372,14.9782,26.6,80,90,5.75,overcast clouds
378,Stornoway,GB,58.2093,-6.3865,42.8,75,75,21.85,light rain
379,Alofi,NU,-19.0595,-169.9187,82.4,57,75,13.06,broken clouds
380,Ust-Kuyga,RU,70.0167,135.6,-9.53,88,97,8.43,overcast clouds
381,Vestmannaeyjar,IS,63.4427,-20.2734,38.17,75,100,11.48,overcast clouds
382,San Patricio,US,28.017,-97.5169,71.6,78,75,20.71,broken clouds
383,Staryy Nadym,RU,65.6118,72.6842,-30.23,85,59,5.86,broken clouds
384,Marsa Matruh,EG,31.3525,27.2453,71.6,16,0,20.71,clear sky
385,Sayla,IN,22.55,71.4667,69.98,47,0,11.34,clear sky
386,Laguna,US,38.421,-121.4238,55.0,62,20,5.55,few clouds
387,Quelimane,MZ,-17.8786,36.8883,82.4,78,0,9.22,clear sky
388,Tortoli,IT,39.9256,9.6572,50.0,87,40,11.5,scattered clouds
389,Bridgewater,CA,44.3835,-64.5155,35.6,100,100,5.75,light snow
390,Lebork,PL,54.5392,17.7501,26.01,93,0,1.14,clear sky
391,Ashland,US,40.8167,-82.2665,51.8,43,1,6.91,clear sky
392,Suntar,RU,62.1444,117.6319,10.09,90,100,15.82,overcast clouds
393,Lensk,RU,60.7253,114.9278,11.7,89,100,17.11,overcast clouds
394,Dingli,MT,35.8614,14.3822,55.4,94,75,4.61,broken clouds
395,Bafq,IR,31.6128,55.4107,56.53,34,0,1.61,clear sky
396,Aguimes,ES,27.9054,-15.4461,62.6,59,75,19.57,broken clouds
397,Pacific Grove,US,36.6177,-121.9166,55.4,54,1,8.05,clear sky
398,Ardmore,US,34.1743,-97.1436,68.0,68,1,12.66,clear sky
399,Khandyga,RU,62.6667,135.6,6.64,93,100,7.07,overcast clouds
400,Ucluelet,CA,48.9329,-125.5528,43.0,87,75,16.11,moderate rain
401,Huaicheng,CN,23.9051,112.1931,64.58,85,100,1.5,overcast clouds
402,Caraballeda,VE,10.6112,-66.8522,77.0,73,40,4.61,scattered clouds
403,Mareeba,AU,-17.0,145.4333,87.01,58,0,9.22,clear sky
404,Grindavik,IS,63.8424,-22.4338,35.6,80,90,18.41,overcast clouds
405,Santa Isabel Do Rio Negro,BR,-0.4139,-65.0192,74.25,96,100,2.08,overcast clouds
406,Namatanai,PG,-3.6667,152.4333,84.79,65,92,7.2,overcast clouds
407,Ahipara,NZ,-35.1667,173.1667,69.49,63,100,12.66,overcast clouds
408,Ilulissat,GL,69.2167,-51.1,17.6,73,90,3.51,overcast clouds
409,Guymon,US,36.6828,-101.4816,69.8,28,1,13.8,clear sky
410,Auburn,US,47.3073,-122.2284,50.0,66,75,9.22,broken clouds
411,Nokha,IN,27.6,73.4167,64.4,28,0,2.98,clear sky
412,Skjervoy,NO,70.0311,20.9714,25.36,81,100,10.38,overcast clouds
413,Ca Mau,VN,9.1769,105.15,82.09,66,52,9.8,broken clouds
414,Sisimiut,GL,66.9395,-53.6735,17.91,91,100,12.08,overcast clouds
415,Nyaunglebin,MM,17.95,96.7333,71.8,41,80,1.63,broken clouds
416,Tari,NG,12.4086,4.4914,78.51,17,99,4.32,overcast clouds
417,Balkanabat,TM,39.5108,54.3671,40.55,69,99,4.05,overcast clouds
418,Sanguem,IN,15.2333,74.1667,77.0,100,20,4.61,few clouds
419,Lakeside,US,30.13,-81.7682,60.01,67,40,5.75,scattered clouds
420,Jiaozuo,CN,35.2397,113.2331,51.01,68,83,5.14,broken clouds
421,Broome,US,42.2506,-75.833,37.4,65,1,6.91,clear sky
422,Sirpur,IN,19.4833,79.6,69.13,52,37,7.02,scattered clouds
423,Fort Saint James,CA,54.4333,-124.25,34.63,84,0,4.56,clear sky
424,Syracuse,IT,37.0881,15.2792,55.4,87,40,3.44,scattered clouds
425,Jucuaran,SV,13.2539,-88.2478,82.06,40,100,6.64,overcast clouds
426,Catuday,PH,16.2923,119.8062,79.2,65,0,13.38,clear sky
427,Barra,BR,-11.0894,-43.1417,75.07,77,99,2.37,overcast clouds
428,Mitchell,US,43.7094,-98.0298,55.4,47,1,13.8,clear sky
429,Potosi,BO,-19.5836,-65.7531,43.68,62,13,5.46,few clouds
430,Auki,SB,-8.7676,160.7034,85.46,66,100,4.16,overcast clouds
431,Kaka,TM,37.3482,59.6143,45.73,67,100,3.58,overcast clouds
432,Verkhnevilyuysk,RU,63.4453,120.3167,9.41,92,100,15.66,overcast clouds
433,Houma,US,29.5958,-90.7195,66.0,77,1,11.5,clear sky
434,Riberalta,BO,-10.9833,-66.1,73.42,97,81,1.92,broken clouds
435,Chapais,CA,49.7834,-74.8492,21.2,93,1,4.61,clear sky
436,Tura,IN,25.5198,90.2201,67.78,70,0,3.85,clear sky
437,Talnakh,RU,69.4865,88.3972,-19.55,86,100,3.13,overcast clouds
438,Eureka,US,40.8021,-124.1637,45.0,89,39,14.36,scattered clouds
439,Makurdi,NG,7.7411,8.5121,83.43,63,0,10.4,clear sky
440,Kurilsk,RU,45.2333,147.8833,33.33,94,66,11.45,broken clouds
441,Marystown,CA,47.1666,-55.1483,29.28,93,83,14.25,broken clouds
442,Gavle,SE,60.6745,17.1417,24.01,67,98,8.99,overcast clouds
443,San Juan,AR,-31.5375,-68.5364,82.94,33,0,19.55,clear sky
444,Valle De Allende,MX,26.9333,-105.4,75.33,16,100,16.49,overcast clouds
445,Brigantine,US,39.4101,-74.3646,51.8,50,1,5.73,clear sky
446,Marsh Harbour,BS,26.5412,-77.0636,68.36,67,7,22.46,clear sky
447,Tiarei,PF,-17.5333,-149.3333,86.0,66,75,13.8,broken clouds
448,Burnie,AU,-41.0667,145.9167,64.99,47,35,7.0,scattered clouds
449,Omsukchan,RU,62.5333,155.8,-6.47,82,0,6.26,clear sky
450,Nouadhibou,MR,20.931,-17.0347,62.46,74,0,24.7,clear sky
451,Bulawayo,ZW,-20.15,28.5833,61.81,53,0,3.38,clear sky
452,Astorga,BR,-23.2325,-51.6656,75.2,69,40,4.61,scattered clouds
453,Shimanovsk,RU,52.0,127.7,21.02,92,100,11.9,overcast clouds
454,Sotouboua,TG,8.5667,0.9833,80.6,69,0,4.61,clear sky
455,Wodonga,AU,-36.1167,146.8833,78.01,47,0,5.75,clear sky
456,Pangody,RU,65.85,74.4859,-29.15,85,79,8.28,broken clouds
457,Ritchie,ZA,-29.038,24.6028,53.6,50,0,4.61,clear sky
458,Cam Ranh,VN,11.9214,109.1591,75.2,88,20,4.61,few clouds
459,Brae,GB,60.3964,-1.353,42.8,93,90,42.57,overcast clouds
460,Inhambane,MZ,-23.865,35.3833,73.81,81,12,10.4,few clouds
461,Nadadores,MX,27.05,-101.6,74.3,50,100,3.69,overcast clouds
462,Payo,ID,-3.7508,103.6372,76.5,86,98,2.08,overcast clouds
463,Urcos,PE,-13.6861,-71.6228,53.6,58,75,8.05,light intensity drizzle
464,Bereda,ES,43.2686,-7.5406,39.0,100,100,1.99,overcast clouds
465,Turbat,PK,26.0023,63.044,59.49,83,0,2.15,clear sky
466,Saint Anthony,US,45.0205,-93.218,57.99,62,1,8.05,clear sky
467,General Roca,AR,-39.0333,-67.5833,77.0,61,0,19.33,clear sky
468,Killybegs,IE,54.6333,-8.45,43.0,89,100,7.0,overcast clouds
469,Murray Bridge,AU,-35.1167,139.2667,70.0,66,100,4.59,light rain
470,Pemagatsel,BT,27.0319,91.4266,51.87,67,43,4.14,scattered clouds
471,Simao,CN,22.7886,100.9748,64.36,42,0,0.92,clear sky
472,Newton,US,42.337,-71.2092,48.2,42,0,12.66,clear sky
473,Smolenka,RU,52.1352,113.4974,26.6,54,61,11.18,broken clouds
474,Salto,UY,-31.3833,-57.9667,75.0,63,0,6.67,clear sky
475,Tazovskiy,RU,67.4667,78.7,-20.18,88,99,7.23,overcast clouds
476,Kuminskiy,RU,58.6667,66.5667,-8.5,91,57,3.58,broken clouds
477,Chicama,PE,-7.8447,-79.1469,73.4,88,75,6.91,broken clouds
478,Caloundra,AU,-26.8,153.1333,84.0,78,2,3.0,clear sky
479,Karpathos,GR,35.507,27.2132,60.8,82,18,24.16,few clouds
480,Rudkobing,DK,54.9364,10.7102,30.99,93,0,3.44,clear sky
481,Hidalgotitlan,MX,17.7833,-94.6333,75.2,73,40,9.19,scattered clouds
482,Mugur-Aksy,RU,50.35,90.5,7.52,74,0,5.53,clear sky
483,Boguchany,RU,58.3814,97.4531,13.71,94,100,9.78,light snow
484,Hammerfest,NO,70.6634,23.6821,15.8,62,0,2.3,clear sky
485,Praia Da Vitoria,PT,38.7333,-27.0667,60.8,82,20,7.56,few clouds
486,Guhagar,IN,17.4842,73.1929,72.7,58,10,3.2,clear sky
487,Sechura,PE,-5.5569,-80.8222,77.14,75,99,1.16,overcast clouds
488,Aldama,MX,22.9167,-98.0667,73.0,84,16,3.0,few clouds
489,Chernyshevskiy,RU,63.0128,112.4714,1.99,91,100,17.81,overcast clouds
490,Oranjemund,NA,-28.55,16.4333,62.49,78,0,3.27,clear sky
491,Sergeyevka,KZ,53.88,67.4158,17.6,97,100,5.03,light snow
492,Gigmoto,PH,13.7796,124.39,81.79,66,20,14.88,few clouds
493,Verkhnyaya Khava,RU,51.8404,39.9413,8.6,78,0,8.95,clear sky
494,Beloha,MG,-25.1667,45.05,71.24,84,0,8.48,clear sky
495,Pochinki,RU,54.6988,44.8668,-1.23,93,90,8.79,overcast clouds
496,Kloulklubed,PW,7.0419,134.2556,84.2,79,75,11.5,broken clouds
497,Port Hedland,AU,-20.3167,118.5667,87.8,62,0,10.36,clear sky
498,Honningsvag,NO,70.9821,25.9704,20.68,89,100,12.71,overcast clouds
499,Gudari,IN,19.35,83.7833,68.56,65,0,0.74,clear sky
500,Vostok,RU,46.4856,135.8833,19.11,96,100,4.92,overcast clouds
501,Lerwick,GB,60.1545,-1.1494,42.8,93,90,42.57,overcast clouds
502,Machilipatnam,IN,16.1667,81.1333,73.4,94,0,2.3,mist
503,Itoman,JP,26.1247,127.6694,69.8,64,20,17.27,few clouds
504,Sainte-Suzanne,RE,-20.9061,55.6089,73.4,83,0,9.22,clear sky
505,Oum Hadjer,TD,13.2954,19.6966,76.35,16,0,8.21,clear sky
506,Honiara,SB,-9.4333,159.95,84.88,72,92,3.51,overcast clouds
507,Nampa,US,43.5407,-116.5635,50.0,31,1,3.47,clear sky
508,Edd,ER,13.9297,41.6925,81.43,49,0,19.69,clear sky
509,San Andres,CO,12.5847,-81.7006,80.6,78,40,18.41,scattered clouds
510,Deputatskiy,RU,69.3,139.9,-6.97,88,100,3.13,overcast clouds
511,Mayo,US,38.8876,-76.5119,57.2,41,1,3.87,clear sky
512,Cuamba,MZ,-14.8031,36.5372,66.96,96,98,1.5,overcast clouds
513,Bilma,NE,18.6853,12.9164,75.11,15,0,5.57,clear sky
514,Sept-Iles,CA,50.2001,-66.3821,25.0,86,20,5.75,few clouds
515,Puerto Escondido,MX,15.85,-97.0667,80.6,74,40,4.07,scattered clouds
516,Natalio,PY,-26.7167,-55.0833,67.95,71,0,2.91,clear sky
517,Ordynskoye,RU,54.3656,81.8994,4.37,93,75,6.38,broken clouds
518,Cockburn Town,TC,21.4612,-71.1419,80.6,65,90,13.8,overcast clouds
519,Paita,PE,-5.0892,-81.1144,76.05,80,95,2.62,overcast clouds
520,Paralia,GR,38.2,21.7,53.01,87,20,6.13,few clouds
521,Kwekwe,ZW,-18.9281,29.8149,59.14,67,0,3.83,clear sky
522,La Ronge,CA,55.1001,-105.2842,28.4,37,100,6.91,overcast clouds
523,Mantua,IT,45.1667,10.7833,45.0,80,79,1.99,broken clouds
524,Bogorodskoye,RU,56.55,37.8833,-14.66,90,70,5.53,broken clouds
525,Fort Abbas,PK,29.1925,72.8536,65.53,27,0,6.73,clear sky
526,Okhotsk,RU,59.3833,143.3,-1.88,81,0,2.26,clear sky
527,Mastic Beach,US,40.7668,-72.8521,50.0,46,1,8.05,clear sky
528,Marshall,US,34.3834,-86.3333,57.2,38,1,5.75,clear sky
529,Japura,ID,-0.3167,102.35,77.0,81,7,3.62,clear sky
530,Vorozhba,UA,51.1733,34.2192,9.48,95,0,4.5,clear sky
531,Oron,NG,4.8256,8.2343,80.08,85,40,3.02,scattered clouds
532,Kenora,CA,49.8167,-94.4337,44.6,61,90,8.05,overcast clouds
533,Vila,PT,42.0304,-8.1588,37.99,87,0,2.3,clear sky
534,Tabou,CI,4.423,-7.3528,78.93,88,86,7.02,light rain
535,Beringovskiy,RU,63.05,179.3167,-11.78,79,0,3.49,clear sky
536,Paamiut,GL,61.994,-49.6678,18.54,86,100,5.44,overcast clouds
537,Ribeira Brava,PT,32.65,-17.0667,55.99,80,0,4.0,clear sky
538,Kardla,EE,58.9978,22.7492,18.0,83,100,10.0,light snow
539,Ialibu,PG,-6.2821,143.9935,64.45,92,99,1.97,overcast clouds
540,Wad Madani,SD,14.4012,33.5199,78.71,23,0,8.68,clear sky
541,Angoche,MZ,-16.2325,39.9086,76.77,85,77,4.38,moderate rain
542,Aitape,PG,-3.1374,142.3475,84.65,66,35,5.7,scattered clouds
543,Taltal,CL,-25.4,-70.4833,65.66,77,0,1.23,clear sky
544,Kuusamo,FI,65.9667,29.1833,-11.2,84,0,4.61,clear sky
545,Sagar,IN,23.8333,78.7167,69.12,24,0,6.26,clear sky
546,Doctor Arroyo,MX,23.6667,-100.1833,65.97,41,42,9.53,scattered clouds
547,Promyshlennaya,RU,54.9159,85.6385,6.8,78,0,4.47,clear sky
548,Suixi,CN,33.8907,116.7747,51.64,72,0,9.01,clear sky
549,Mbale,UG,1.0821,34.175,67.46,66,100,4.54,overcast clouds
550,Jeronimo Monteiro,BR,-20.7894,-41.395,72.34,90,99,0.98,overcast clouds
551,Port-Gentil,GA,-0.7193,8.7815,81.01,84,100,11.45,moderate rain
552,Winslow,US,35.0242,-110.6974,57.0,21,1,28.77,clear sky
553,Labuhan,ID,-6.8844,112.2051,80.55,79,100,5.59,very heavy rain
554,Amalapuram,IN,16.5833,82.0167,75.2,83,20,3.44,mist
555,Bonavista,CA,48.6499,-53.1147,28.0,68,93,8.05,overcast clouds
556,Nador,MA,35.174,-2.9287,51.8,87,0,2.3,clear sky
557,Olafsvik,IS,64.8945,-23.7142,34.54,87,100,32.61,overcast clouds
558,Monrovia,LR,6.3005,-10.7969,79.43,89,100,5.55,overcast clouds
559,Dakoro,NE,14.5106,6.765,78.67,15,94,9.84,overcast clouds
560,Krasnoselkup,RU,65.7,82.4667,-29.9,84,81,7.14,broken clouds
561,La Romana,DO,18.4273,-68.9728,73.4,94,40,4.61,scattered clouds
562,Carutapera,BR,-1.195,-46.02,75.51,92,100,5.12,overcast clouds
563,Santa Maria,BR,-29.6842,-53.8069,69.8,78,20,2.3,few clouds
564,Edgewater,US,28.9889,-80.9023,62.6,82,20,11.5,few clouds
565,Corumba,BR,-19.0092,-57.6533,75.13,47,0,2.75,clear sky
566,Muisne,EC,0.6,-80.0333,78.53,84,100,11.41,overcast clouds
567,Gap,FR,44.6667,6.0,32.0,70,16,6.2,few clouds
568,Margate,GB,51.3813,1.3862,44.01,71,100,1.99,overcast clouds
569,Galle,LK,6.0367,80.217,76.55,83,98,2.17,overcast clouds
570,Dangriga,BZ,16.9692,-88.2321,77.0,78,75,10.36,broken clouds
571,Markova,UA,48.6758,24.4138,22.82,94,100,3.38,overcast clouds
572,Stromness,GB,58.965,-3.296,42.8,87,75,37.98,broken clouds
573,Manuk Mangkaw,PH,4.8,119.85,82.29,70,100,7.18,overcast clouds
574,Katsina,NG,12.9894,7.6006,76.95,16,0,6.87,clear sky
575,West Bay,KY,19.3667,-81.4167,78.01,73,20,18.41,few clouds
576,Comodoro Rivadavia,AR,-45.8667,-67.5,84.2,21,56,16.11,broken clouds
577,Agadez,NE,19.75,10.25,74.98,16,0,8.37,clear sky
578,Upata,VE,8.0086,-62.3989,77.0,79,90,3.0,overcast clouds
579,Itaueira,BR,-7.6033,-43.0256,74.73,85,10,3.44,clear sky
580,Mandiana,GN,10.6333,-8.6833,80.4,53,100,4.56,overcast clouds
581,Kita,ML,13.0349,-9.4895,77.58,18,0,5.68,clear sky
582,Requena,ES,39.4883,-1.1004,52.0,84,0,3.42,clear sky
583,Tatarusi,RO,47.35,26.6,28.99,80,90,6.91,overcast clouds
584,Westport,US,41.1415,-73.3579,50.0,37,1,6.91,clear sky
585,Makakilo City,US,21.3469,-158.0858,78.8,83,90,9.64,moderate rain
586,Thinadhoo,MV,0.5333,72.9333,83.61,66,0,3.76,clear sky
587,Dourbali,TD,11.8091,15.8632,77.05,15,0,7.99,clear sky
588,Piacabucu,BR,-10.4056,-36.4344,78.4,80,7,11.18,clear sky
589,Tautira,PF,-17.7333,-149.15,86.0,66,75,13.8,broken clouds
590,Tarko-Sale,RU,64.9225,77.785,-31.99,83,9,6.76,clear sky
591,Tecoanapa,MX,16.5167,-98.75,78.87,74,0,7.67,clear sky
592,Russell,US,32.3502,-85.1999,62.6,47,1,3.89,clear sky
593,Padang,ID,-0.9492,100.3543,73.4,94,20,2.3,mist
594,Umm Lajj,SA,25.0213,37.2685,77.25,47,3,4.43,clear sky
595,Batagay-Alyta,RU,67.8006,130.4114,-0.6,84,100,4.16,overcast clouds
596,Qasigiannguit,GL,68.8193,-51.1922,17.6,73,90,3.76,overcast clouds
597,Kyrylivka,UA,46.3759,35.3675,29.5,87,36,8.66,scattered clouds
598,Istok,XK,42.7808,20.4875,36.0,80,75,5.75,broken clouds
599,Tomatlan,MX,19.9333,-105.25,72.88,79,1,5.35,clear sky
600,Eyl,SO,7.9803,49.8164,76.59,80,71,9.89,broken clouds
601,Petropavlovsk-Kamchatskiy,RU,53.0452,158.6483,15.8,67,40,6.71,scattered clouds
602,Te Anau,NZ,-45.4167,167.7167,57.69,84,91,1.83,overcast clouds
603,Sobolevo,RU,54.4299,31.8996,10.99,94,100,5.37,light snow
604,Ozuluama,MX,21.6667,-97.85,67.21,87,0,11.36,clear sky
605,Domoni,KM,-12.2569,44.5319,78.98,79,14,4.09,few clouds
606,Kurchum,KZ,48.5722,83.6542,19.17,94,0,0.96,clear sky
607,Zyryanka,RU,65.75,150.85,-6.5,83,13,19.06,few clouds
608,Kieta,PG,-6.2167,155.6333,85.37,60,0,3.96,clear sky
609,Hami,CN,42.8,93.45,44.15,54,99,6.78,overcast clouds
610,Humaita,BR,-7.5061,-63.0208,72.63,94,100,0.51,overcast clouds
611,Tres Arroyos,AR,-38.3739,-60.2798,62.53,37,0,9.66,clear sky
612,Enid,US,36.3956,-97.8784,68.0,63,75,27.63,broken clouds
613,Tottori,JP,35.5,134.2333,44.6,81,75,5.75,broken clouds
614,Cherskiy,RU,68.75,161.3,-7.55,90,100,11.36,overcast clouds
615,Jever,DE,53.5833,7.9,36.0,93,100,2.3,overcast clouds
616,Matay,EG,28.419,30.7792,67.12,23,0,6.46,clear sky
617,Buin,CL,-33.7333,-70.75,72.0,63,0,13.8,clear sky
618,Garowe,SO,8.4054,48.4845,67.96,87,95,10.83,overcast clouds
619,Boddam,GB,57.4667,-1.7833,43.0,93,90,33.38,overcast clouds
620,Beisfjord,NO,68.3751,17.5988,15.8,62,100,4.61,overcast clouds
621,Kachug,RU,53.9606,105.8817,11.17,92,0,1.66,clear sky
622,Skelleftea,SE,64.7507,20.9528,-13.0,84,75,4.61,light snow
623,Tabas,IR,33.5959,56.9244,55.11,34,0,0.74,clear sky
624,Graaff-Reinet,ZA,-32.2522,24.5308,69.01,45,0,1.99,clear sky
625,Anito,PH,12.4497,125.2886,80.64,76,93,12.71,overcast clouds
626,Luena,AO,-11.7833,19.9167,62.92,98,100,3.83,light rain
627,Liverpool,GB,53.4106,-2.9779,46.4,81,90,19.57,moderate rain
628,Burns Lake,CA,54.2331,-125.7533,39.2,38,0,10.36,clear sky
629,Progreso,MX,21.2833,-89.6667,77.0,61,40,17.27,scattered clouds
630,Ola,RU,59.5833,151.2833,-1.7,85,11,4.07,few clouds
631,Rundu,NA,-17.9333,19.7667,65.46,63,29,3.87,scattered clouds
632,Puranpur,IN,28.5167,80.15,61.61,32,0,3.85,clear sky
633,Doha,QA,25.2867,51.5333,71.6,49,0,3.44,clear sky
634,Aranos,NA,-24.1333,19.1167,67.08,23,0,8.5,clear sky
635,Mogadishu,SO,2.0371,45.3438,78.4,83,86,13.85,overcast clouds
636,Broken Hill,AU,-31.95,141.4333,78.8,24,38,14.97,scattered clouds
637,Ipora,BR,-16.4419,-51.1178,68.61,95,100,0.25,overcast clouds
638,Nichinan,JP,31.6,131.3667,57.2,77,40,3.44,scattered clouds
639,Kyra,RU,49.5776,111.9753,24.67,91,0,5.03,clear sky
640,Zatoka,UA,46.0725,30.4654,32.0,64,0,8.95,clear sky
641,Quatre Cocos,MU,-20.2078,57.7625,75.99,94,20,1.14,few clouds
642,Darova,RO,45.642,21.7733,36.0,64,0,11.5,clear sky
643,Dubbo,AU,-32.25,148.6167,84.2,45,74,10.36,broken clouds
644,Mutoko,ZW,-17.397,32.2268,60.26,100,0,1.7,clear sky
645,Kunming,CN,25.0389,102.7183,59.0,47,0,15.66,clear sky
646,Kazachinskoye,RU,57.6953,93.2761,15.75,93,100,9.28,overcast clouds
647,Puerto Suarez,BO,-18.95,-57.8,75.7,47,0,2.39,clear sky
648,Talca,CL,-35.4333,-71.6667,71.6,49,100,3.44,overcast clouds
649,Uyuni,BO,-20.4597,-66.825,54.28,40,97,14.45,overcast clouds
650,Carauari,BR,-4.8828,-66.8958,71.65,98,100,1.52,overcast clouds
651,Palu,ID,-0.8917,119.8707,76.32,81,100,2.57,moderate rain
652,Konstantinovka,RU,49.6167,127.9833,23.18,94,100,12.15,overcast clouds
653,Fare,PF,-16.7,-151.0167,82.58,69,97,12.88,overcast clouds
654,Arlit,NE,18.7369,7.3853,79.05,14,0,9.89,clear sky
655,Pandharpur,IN,17.6667,75.3333,72.52,27,5,6.71,clear sky
656,Araripe,BR,-7.2125,-40.0461,69.94,75,10,1.74,clear sky
657,Souillac,MU,-20.5167,57.5167,75.2,94,20,1.14,few clouds
658,Nagorsk,RU,59.3172,50.8078,-19.37,87,29,6.51,scattered clouds
659,Yeniseysk,RU,58.4497,92.1703,17.01,96,100,8.88,light snow
660,Nefteyugansk,RU,61.0998,72.6035,-22.0,76,0,4.47,clear sky
661,Mbala,ZM,-8.8402,31.3659,58.71,92,93,1.05,overcast clouds
662,Prokopyevsk,RU,53.9059,86.719,15.58,95,99,6.6,overcast clouds
663,Khatassy,RU,61.9036,129.6383,3.2,85,75,2.24,snow
664,Pedernales,DO,18.0384,-71.744,78.37,71,100,0.56,overcast clouds
665,Dauriya,RU,49.9333,116.8667,16.05,95,0,5.64,clear sky
666,Farafangana,MG,-22.8167,47.8333,76.28,75,47,1.79,scattered clouds
667,Rantauprapat,ID,2.1,99.8333,75.88,83,54,1.21,broken clouds
668,San-Pedro,CI,4.7485,-6.6363,77.56,90,98,5.68,overcast clouds
669,Doctor Juan Manuel Frutos,PY,-25.3667,-55.8,69.04,64,0,4.14,clear sky
670,Ambovombe,MG,-25.1667,46.0833,71.37,83,0,4.99,clear sky
671,Neubrandenburg,DE,53.5667,13.2667,26.01,70,59,4.27,broken clouds
672,Nouakchott,MR,18.0858,-15.9785,68.0,37,0,10.36,clear sky
673,Boras,SE,57.721,12.9401,28.4,80,0,4.61,clear sky
674,Patiya,BD,22.2931,91.9762,67.87,61,0,4.5,clear sky
675,Kiruna,SE,67.8557,20.2251,6.8,85,100,6.91,overcast clouds
676,Port Lincoln,AU,-34.7333,135.8667,65.34,74,100,8.37,light rain
677,Kaeo,NZ,-35.1,173.7833,73.99,65,100,5.99,overcast clouds
678,Porto Walter,BR,-8.2686,-72.7439,72.46,98,100,1.66,heavy intensity rain
679,Rapar,IN,23.5667,70.6333,66.76,80,0,5.06,clear sky
680,Atbasar,KZ,51.8,68.3333,13.03,96,100,7.63,light snow
681,Tamandare,BR,-8.7597,-35.1047,78.73,85,10,8.48,clear sky
682,Banda Aceh,ID,5.5577,95.3222,79.23,74,0,11.81,clear sky
683,Shubarkuduk,KZ,49.1447,56.4872,24.75,96,100,22.24,light snow
684,Lac Du Bonnet,CA,50.2536,-96.0612,32.0,99,100,10.0,overcast clouds
685,Urdoma,RU,61.7533,48.5442,-18.71,87,0,2.98,clear sky
686,San Benito Abad,CO,8.929,-75.0271,82.89,64,100,10.76,overcast clouds
687,Kokopo,PG,-4.352,152.2633,83.84,66,63,4.52,broken clouds
688,Peleduy,RU,59.6289,112.7406,12.69,92,100,14.32,overcast clouds
689,Bosaso,SO,11.2842,49.1816,74.95,69,0,5.68,clear sky
690,Sakaraha,MG,-22.9,44.5333,67.59,88,0,2.82,clear sky
691,Mecca,SA,21.4267,39.8261,74.91,53,0,2.77,clear sky
